{
    "car": [
        1.522310740354513,
        1.638393465415328,
        3.875859575947151
    ],
    "pedestrian": [
        1.7538991228070178,
        0.6915087719298267,
        0.865828947368425
    ],
    "cyclist": [
        1.7486114221724505,
        0.6190929451287805,
        1.7575699888017924
    ]
}